Title,Author,List Price,Amazon Price,Hard/ Paper,NumPages,Publisher,Pub year,ISBN-10,Height,Width,Thick,Weight (oz)
"1,001 Facts that Will Scare the S#*t Out of You: The Ultimate Bathroom Reader",Cary McNeal,12.95,5.18,P,304.0,Adams Media,2010.0,1605506249,7.8,5.5,0.8,11.2
21: Bringing Down the House - Movie Tie-In: The Inside Story of Six M.I.T. Students Who Took Vegas for Millions,Ben Mezrich,15.0,10.2,P,273.0,Free Press,2008.0,1416564195,8.4,5.5,0.7,7.2
100 Best-Loved Poems (Dover Thrift Editions),Smith,1.5,1.5,P,96.0,Dover Publications,1995.0,486285537,8.3,5.2,0.3,4.0
1421: The Year China Discovered America,Gavin Menzies,15.99,10.87,P,672.0,Harper Perennial,2008.0,0061564893,8.8,6.0,1.6,28.8
1493: Uncovering the New World Columbus Created,Charles C. Mann,30.5,16.77,P,720.0,Knopf,2011.0,0307265722,8.0,5.2,1.4,22.4
1861:  The Civil War Awakening,Adam Goodheart,28.95,16.44,H,460.0,Knopf,2011.0,1400040159,8.9,6.3,1.7,32.0
A Christmas Carol and Other Christmas Writings (Penguin Classics),Dickens,20.0,13.46,H,336.0,Penguin Classics Hardcover,2010.0,141195851,7.8,5.3,1.2,15.5
A Confederacy of Dunces,John Kennedy Toole,15.0,8.44,P,405.0,Grove Weidenfeld,1987.0,802130208,8.2,5.3,0.8,11.2
A Dance With Dragons,"Martin RR, George",35.0,18.81,H,,Bantam,2011.0,553801473,9.6,6.5,2.1,
A Farewell To Arms,Ernest Hemingway,30.0,19.8,H,304.0,Scribner,1997.0,0684837889,9.6,6.4,1.1,19.2
A Fine Balance,Rohinton Mistry,17.0,8.97,P,624.0,Vintage,2001.0,140003065X,7.7,5.1,1.7,16.2
A Game of Thrones: A song of fire and ice,George R.R. Martin,17.0,10.46,P,720.0,Bantam,2011.0,553386790,9.1,6.2,1.5,27.2
A Guide to the Good Life: The Ancient Art of Stoic Joy,William B. Irvine,19.95,13.57,H,336.0,Oxford University Press,2008.0,0195374614,7.0,5.3,1.3,14.9
A Hammock Beneath the Mangoes: Stories from Latin America,Thomas Colchie,20.0,14.6,P,448.0,Plume,1992.0,452268664,9.0,6.0,1.0,16.0
A Holocaust Reader: Responses to the Nazi Extermination,Michael L. Morgan (editor),39.95,37.95,P,384.0,"Oxford University Press, USA",2000.0,0195059581,9.2,6.6,0.8,22.4
A Light in the Attic,Shel Silverstein,18.99,11.58,H,192.0,HarperCollins,2009.0,61905852,8.8,6.8,1.0,25.6
A Midsummer Night's dream No Fear Shakespeare,Sparksnotes Editors,5.95,3.99,P,192.0,Sparks Notes,2003.0,1586638483,7.4,5.2,0.5,8.8
A Painted House,Grisham,15.0,10.2,P,384.0,Delta,2004.0,385337930,8.0,5.4,0.8,11.2
A Raisin In The Sun,Lorraine Hansberry,7.5,5.87,P,160.0,Vintage,2004.0,0679755330,6.7,4.1,0.6,4.0
A Raisin in the Sun,Lorraine Hansberry,15.95,10.85,H,176.0,Modern Library,1995.0,679601724,7.6,4.9,0.7,7.8
A Small Place,Jamaica Kincaid,13.0,10.4,P,96.0,"Farrar, Straus and Giroux",2000.0,374527075,8.0,5.7,0.5,4.0
A Tale of Two Cities,Dickens,11.94,11.94,P,428.0,Simon & Brown,2011.0,1613820771,9.0,6.0,1.2,24.0
A Virtuous Woman,Kaye Gibbons,14.0,11.2,P,176.0,Vintage,1997.0,375703063,8.0,5.2,0.5,9.6
A Visit from the Goon Squad,Egan,14.95,8.96,P,352.0,Anchor,2011.0,307477479,7.9,5.2,0.8,12.8
A Year with C. S. Lewis: Daily Readings from His Classic Works,Lewis,22.99,15.63,H,416.0,HarperOne,2003.0,60566167,7.5,5.7,1.4,16.0
"Absalom, Absalom! (The Corrected Text(",William Faulker,15.0,10.2,P,313.0,Vintage,1991.0,679732187,8.1,5.2,0.7,7.2
"Ada, or Ardor: A Family Chronicle",Vladimir Nabokov,18.0,12.11,P,624.0,Vintage,1990.0,0679725229,8.0,5.2,1.2,19.2
Adventures of Huckleberry Finn,Twain,7.95,7.95,H,336.0,Barnes & Noble Classics,2004.0,159308157,8.7,6.3,1.1,16.0
Adventures of Huckleberry Finn,Mark Twain,14.95,14.95,P,276.0,CreateSpace,2011.0,146352719,7.8,5.1,1.0,16.0
After Dark,Murakami,14.95,10.17,P,256.0,Vintage,2008.0,307278735,8.0,5.2,0.9,9.1
Alice in Wonderland,Lewis Carroll,7.95,7.95,H,283.0,Collector's Library,2009.0,1904633323,6.3,4.5,0.6,4.2
American Psycho,Ellis,15.95,8.39,H,416.0,Vintage,1991.0,679735771,8.0,5.3,0.9,12.8
Andrew Carnegie,David Nasaw,20.0,13.6,P,896.0,Penguin,2007.0,143112449,8.0,5.4,1.8,22.4
Animal Farm,George Orwell,14.0,8.75,P,128.0,Plume,2003.0,452284244,8.1,5.4,0.4,5.6
Appeals in Modern Rhetoric: An Ordinary Language Approach,M. Jimmie Killingsworth,29.5,26.61,P,192.0,Southern Illinois University Press,2005.0,809326639,8.9,6.0,0.5,9.6
"Art of Living: The Classical Mannual on Virtue, Happiness and Effectiveness (Plus)",Epictetus,11.99,9.59,P,144.0,HarperOne,2007.0,0061286052,8.0,4.9,0.4,5.6
As I Lay Dying,William Faulkner,13.07,12.52,P,400.0,W.W. Norton,2009.0,393931382,8.3,5.1,0.9,13.6
Beauty and Sadness,Kawabata,13.95,11.16,P,206.0,Vintage,1996.0,679761055,8.0,5.1,0.6,8.8
Beloved,Toni Morrison,15.0,10.22,P,321.0,Vintage,2004.0,1400033411,7.9,5.2,0.8,12.0
Big Dog . . . Little Dog,Eastman,4.99,4.99,H,24.0,Random House Books,2006.0,375875395,5.8,4.3,0.5,4.0
Black Water,Oates,13.0,10.4,P,160.0,Plume,1993.0,452269865,8.0,5.4,0.4,4.8
Blessed Are the Bored in Spirit: A Young Catholic's Search for Meaning,Mark Hart,13.99,10.54,P,129.0,St. Anthony Messenger Press,2006.0,0867166770,7.9,5.1,0.2,5.6
Born To Run,Mcdougall,24.95,15.82,H,304.0,Knopf,2009.0,307266303,9.5,6.6,1.1,24.0
Bossypants,Tina Fey,26.99,15.6,H,288.0,Reagan Arthur Books,2011.0,316056863,9.5,6.5,1.0,19.2
"Busting Vegas: A True Story of Monumental Excess, Sex, Love, Violence and Beating the Odds",Ben Mezrich,14.95,10.17,P,304.0,Harper Perennial,2006.0,60575123,8.0,5.3,0.7,5.6
Caddie Woodlawn,Carol Ryrie Brink,6.69,6.99,P,288.0,Aladdin,2006.0,1416940286,7.6,5.2,0.8,4.8
Call It Courage,Armstrong Sperry,5.99,5.99,P,128.0,Simon Pulse,2008.0,141695368X,6.8,4.1,0.4,2.4
Cane River,Lalita Tademy,13.95,11.16,P,560.0,Grand Central Publishing,2002.0,446678457,8.0,5.2,1.5,16.0
Cat's Cradle: A Novel,Kurt Vonnegut,26.95,20.48,H,287.0,Turtleback,1998.0,0808520695,8.1,5.3,1.0,12.2
Catch-22,Jospeh Heller,24.0,16.32,H,624.0,Everyman's Library,1995.0,0679437223,8.4,5.3,1.4,22.4
Catch-22,Joseph Heller,16.0,9.07,P,544.0,Simon and Schuster,2011.0,1451626657,8.4,5.4,1.3,19.2
Catcher in the Rye,JD Salinger,13.99,8.38,P,288.0,Back Bay Books,2001.0,316769177,5.2,8.0,0.9,5.6
Catching Fire,Collins,17.99,8.97,H,391.0,Scholastic Press,2009.0,439023491,8.3,5.7,1.5,22.4
Caucasia: A Novel,Danzy Senna,15.0,10.2,P,432.0,Riverhead Trade,1999.0,1573227161,8.0,5.1,0.9,15.2
Charlotte's Web,E.B.White,8.99,8.99,P,192.0,HarperCollins,2001.0,0064410935,8.6,5.5,0.9,13.6
Cloudy With a Chance of Meatballs,Judi Barrett,6.99,6.99,P,32.0,Atheneum Books for Young Readers,1982.0,689707490,8.5,9.3,0.1,1.6
Cross,James Patterson,14.54,9.99,P,416.0,Grand Central Publishing,2007.0,446619051,7.5,4.2,1.2,9.6
Crossing The Chasm,Moore,17.99,11.36,P,256.0,Harper Paperbacks,2002.0,60517123,8.0,5.4,0.6,7.8
Culture and Psychology,David Matsumoto,114.95,83.04,P,544.0,Wadsworth Publishing,2007.0,049509787X,9.1,7.3,0.8,28.8
"Curious Researcher, The (7th Edition)",Bruce Ballenger,48.2,44.32,P,384.0,Longman,2011.0,205172873,8.9,6.0,0.6,14.4
Cutting for Stone,Verghese,15.95,7.97,P,667.0,Vintage,2010.0,375714367,8.0,5.2,1.2,17.6
Cutting for Stone,Abraham Verghese,15.95,7.97,P,667.0,Vintage,2010.0,0375714367,8.0,5.2,1.2,17.6
Death of a Salesman,Arthur Miller,18.0,12.24,P,448.0,Penguin,1996.0,0140247734,7.7,5.0,0.8,11.4
Discovering a Global Past: A Look at the Evidence,Merry Wiesner-Hanks,86.95,54.61,P,512.0,Wadsworth Publishing,2006.0,618526382,9.1,7.4,0.8,23.2
Dispatches,Michael Herr,15.0,10.2,P,272.0,Vintage,1991.0,679735259,7.9,5.1,0.8,9.6
Divergent,"Roth, Veronica",17.99,11.46,H,496.0,Katherine Tegen Books,2011.0,62024027,8.2,5.8,1.6,19.2
Drowning Ruth: A Novel,Christina Schwarz,15.0,10.2,P,368.0,Ballantine Books,2001.0,345439104,8.2,5.6,0.8,9.6
East of Eden,John Steinbeck,11.5,11.5,P,601.0,Penguin,2002.0,142000655,8.5,5.8,1.6,22.4
"Enchantment: The Art of Changing Hearts, Minds, and Actions",Kawasaki,26.95,14.99,H,211.0,Portfolio Hardcover,2011.0,1591843790,8.3,5.5,1.0,8.0
Ender's Game,Orson Scott Card,6.99,6.99,P,352.0,Tor science Fiction,1994.0,0812550706,6.7,4.2,1.0,5.6
Even Cowgirls Get the Blues,Tom Robbins,15.0,10.2,P,384.0,Bantam,1990.0,055334949X,8.2,5.3,0.8,10.4
Everything that Rises Must Converge,Flannery O'Connor,16.0,10.88,P,320.0,"Farr, Straus and Giroux",1965.0,374504644,8.3,5.5,0.8,10.4
Existential Therapies,Mick Cooper,53.95,39.92,P,192.0,Sage Publications Ltd,2003.0,761973214,9.1,6.1,0.5,11.2
F My Life,Maxime Valette,15.0,10.2,P,288.0,Villard,2009.0,345518764,7.2,5.6,0.7,7.2
Fahrenheit 451,Ray Bradbury,6.99,6.99,P,208.0,Ballantine Books,1987.0,345342968,6.9,4.1,0.7,4.0
Fear and Loathing in Las Vegas,Thompson,12.0,9.07,P,224.0,Vintage,1998.0,679785892,7.9,5.1,0.7,8.0
Fences,August Wislon,21.1,16.46,H,,Perfection Leraning,1986.0,780707508,9.0,6.0,1.0,22.4
Fight Club,Palahniuk,13.95,7.83,P,224.0,W.W. Norton,2005.0,393327345,8.0,5.4,0.7,6.4
Final Harvest: Poems,Dickinson,14.99,10.19,H,352.0,Back Bay Books,1964.0,316184152,5.6,8.2,1.0,10.4
"First, Break All the Rules: What the World's Greatest Managers Do Differently","Buckingham, Coffman",30.0,17.43,H,255.0,Simon & Schuster,1999.0,684852861,9.6,6.5,0.9,16.0
Four Blind Mice,James Patterson,7.99,7.99,P,416.0,Grand Central Publishing,2003.0,446613266,6.8,4.2,1.1,7.2
Frankenstein,Mary Shelley,8.0,8.0,P,208.0,Simon & Brown,2011.0,1613820631,8.9,5.9,0.6,11.2
Freakonomics: A Rogue Economist Explores the Hidden Side of Everything,Steven D. Levitt,15.99,9.95,P,315.0,Harper Perennial,2009.0,60731338,7.9,5.3,0.8,8.0
Full Black: A Thriller (Scot Harvath),Brad Thor,26.99,14.61,H,400.0,Atria,2011.0,141658661X,9.4,6.3,1.4,22.4
"Game Change: Obama and the Clintons, McCain and Palin, and the Race of a Lifetime",John Heilemann and Mark Halperin,27.99,11.2,H,464.0,Harper,2010.0,61733636,9.1,6.0,1.7,1.2
Game of Thrones,Martin,17.0,10.46,P,720.0,Bantam,2011.0,553386794,9.1,6.2,1.5,27.2
Given up for dead,Bill Sloan,6.99,6.99,P,560.0,BANTAM,2008.0,553585673,6.7,4.1,0.9,9.6
Go the F**k Asleep,Adam Mansbach,14.95,8.97,H,32.0,Akashic Books,2011.0,1617750255,8.3,6.3,0.3,8.0
God in the Dock: Essays on Theology and Ethics,Lewis,18.0,12.24,P,346.0,William B. Eerdmans Publishing Company,1994.0,802808689,8.5,5.4,0.8,14.1
Grapes of Wrath,John Steinbeck,16.0,9.2,P,464.0,Penguin Classics,2006.0,143039431,8.4,5.2,1.0,12.8
Gregor the Overlander,Collins,6.99,6.99,P,320.0,Scholastic Paperbacks,2004.0,439678137,7.5,5.2,0.9,8.0
Harvesting the Heart,Jodi Picoult,16.0,10.88,P,464.0,Penguin (Non-Classics),1993.0,140230270,8.3,5.2,1.2,11.2
Hate List,Brown,8.99,8.99,P,432.0,"Little, Brown",2010.0,316041459,8.2,5.5,1.2,14.4
Helmet for my pillow,Robert Leckie,16.0,9.09,P,305.0,Bantam Books,2010.0,553593315,7.9,5.1,0.9,8.8
"Heroes of Olympus, The, Book Two: The Son of Neptune","Riordan, Rick",19.99,10.75,H,544.0,Hyperion Book CH,2011.0,1423140591,,,1.8,25.6
Holes,Louis Sachar,18.0,12.24,H,272.0,"Farrar, Straus and Giroux",2008.0,374332665,8.1,5.6,0.9,12.8
Hop on Pop,Seuss,8.99,8.99,H,72.0,Beginner Books,1963.0,039480029X,9.3,6.7,0.4,14.4
Hope Leslie,Sedgwick,17.0,11.55,H,448.0,Penguin Classics,1998.0,140436766,7.8,5.1,0.9,11.2
How to Breathe Underwater,Orringer,14.0,11.2,P,226.0,Vintage,2005.0,1400034361,8.1,5.2,0.6,8.8
How to Paint Tractors & Trucks,Timothy Remus,27.95,19.99,P,144.0,Wolfgang Publications,2008.0,1929133472,10.8,8.4,0.5,17.6
How to Restore Your John Deere Two-Cylinder Tractor,Spencer Yost,139.95,139.95,P,160.0,Voyageur Press,2002.0,760309795,10.6,8.2,0.5,22.4
I am Grateful: Recipes and Lifestyles of Caf Gratitute,Engelhart,24.95,16.47,P,200.0,North Atlantic Books,2007.0,1556436475,9.0,7.0,1.0,14.0
Ice bound,"Maryanne Vollers, Jerri Nielsen",14.95,5.98,P,377.0,,,786886994,8.3,5.3,1.0,12.8
If I Stay,Forman,6.95,6.95,P,272.0,Speak,2010.0,014241543X,8.3,5.4,0.8,9.6
"In the Garden of Beasts: Love, Terror, and an American Family in Hitler's Berlin",Erik Larson,26.0,13.0,H,464.0,Crown,2011.0,307408841,9.5,6.0,1.5,25.6
"In The Plex: How Google Thinks, Works, and Shapes Our Lives",Levy,26.0,14.44,H,432.0,Simon & Schuster,2011.0,1416596585,9.4,6.2,1.4,22.4
Inherit The Wind,Jerome Lawrence and Robert E. Lee,9.95,5.13,P,144.0,Ballantine books,2007.0,0345501039,7.6,5.2,0.4,4.0
Inheritance,"Paolini, Christopher",27.99,13.98,H,704.0,Knopf Books for Young Readers,2011.0,375856110,,,2.1,
Innovation and Entrepreneurship,Drucker,16.99,11.55,P,288.0,Harper Paperbacks,2006.0,60851139,8.0,5.3,0.6,6.4
Innovation Killers: How Financial Tools Destroy Your Capacity to Do New Things,Christensen,8.95,8.95,P,64.0,Harvard Business Press,2010.0,1422136558,6.3,4.2,0.2,2.4
Interpreter of Maladies,Lahiri,14.95,8.6,P,198.0,Mariner Books,1999.0,039592720X,8.2,5.7,0.5,17.6
Invisible Man,Ralph Ellison,15.95,10.22,P,608.0,Vintage,1995.0,679732764,8.0,5.2,1.1,17.6
Invisible Man,Ellison,21.0,13.43,H,624.0,Modern Library,1995.0,679601392,7.8,4.8,1.8,25.6
Invitation to a Beheading,Vladimir Nabokov,14.0,11.08,P,240.0,Vintage,1990.0,0679725318,8.0,5.2,0.6,8.0
Islam:  A Short Guide to the Faith,"Allen, Toorawa",20.0,13.6,P,200.0,Wm. B. Eerdmans,2011.0,080286600X,8.9,6.0,0.6,11.2
Jitterbug Perfume,Tom Robbins,15.0,10.2,P,352.0,Bantam,1990.0,553348981,8.3,5.2,0.8,9.6
Kabul Beauty School: An American Woman Goes Behind the Veil,Deborah Rodriguez,14.95,10.17,P,320.0,Random House Trade Paperbacks,2007.0,812976738,7.9,5.4,0.9,7.2
Kafka On the Shore,Murakami,15.95,8.39,P,480.0,Vintage,2006.0,1400079276,8.0,5.4,1.1,14.4
Kiss the Girls,James Patterson,14.99,10.19,P,481.0,Warner Books,2000.0,446677388,8.0,5.2,1.2,14.4
Lady in the Lake,Raymond Chandler,14.0,11.2,P,272.0,Vintage,1988.0,394758251,8.1,5.2,0.6,9.9
Laughter in the Dark,Vladimir Nabokov,12.95,8.36,P,308.0,New Directions,2006.0,811216748,8.1,5.3,0.7,9.6
Lies that Chelsea Handler Told Me (A Chelsea Handler Book/Borderline Amazing Publishing),Chelsea Handler,24.99,15.2,H,304.0,Grand Central Publishing,2011.0,446584711,8.8,6.0,1.0,14.4
Life of Pi,Yann Martel,15.0,8.68,P,326.0,Mariner Books,2003.0,156027321,7.9,5.3,1.0,12.0
Lives of Girls and Women: A Novel,Alice Munro,15.0,10.33,P,288.0,Vintage,2001.0,375707492,8.0,5.2,0.6,16.0
Long Day's Journey into Night: Second Edition,Eugene O'Neill,25.95,25.95,H,192.0,Yale University Press,2002.0,300094108,8.2,6.2,0.9,9.6
Lord of the Flies,William Golding,25.0,16.5,H,336.0,Perigee Trade,2003.0,399529209,8.4,5.4,1.2,16.0
Lord of the Flies,William Golding,9.99,9.99,P,208.0,Perigee Books,1959.0,399501487,7.2,4.2,0.6,4.0
Lost in Shangri-La,Mitchell Zuckoff,26.99,15.44,H,400.0,Harper,2011.0,61988340,9.1,6.4,1.4,22.4
Madeline,Ludwig Bemelmans,17.99,10.58,H,54.0,The Viking Press,1967.0,670445806,12.1,9.2,0.5,17.6
Major Pettigrew's Last Stand: A Novel,Simonson,15.0,8.84,H,384.0,Random House Trade Paperbacks,2010.0,812981227,7.9,5.2,1.0,10.4
March,Geraldine Brooks,15.0,8.15,P,304.0,Penguin (Non-classics),2006.0,0143036661,7.8,5.2,0.6,8.0
Masculinites: Second Edition,R.W. Connell,25.05,22.81,P,349.0,University of California Press,2005.0,520246980,9.0,6.1,0.9,13.4
Matched,"Condie, Ally",17.99,11.24,H,384.0,Dutton Juvenile,2010.0,525423648,9.0,6.4,1.4,16.0
Mercy,Jodi Picoult,16.0,8.59,P,416.0,Washington Square Press,2001.0,0743422449,8.3,5.3,1.1,12.0
Message in a Bottle,Sparks,14.99,10.19,P,352.0,Grand Central Publishing,1999.0,446676071,8.0,5.2,1.0,6.4
Middlemarch (Penguin Hardback Classics),Eliot,20.0,12.17,H,880.0,Penguin Classics Hardcover,2011.0,141196890,7.9,5.4,2.0,35.2
Misery,Stephen King,7.99,7.99,P,352.0,Signet,2004.0,451169522,6.9,4.2,1.0,6.9
Mockingjay,Collins,17.99,7.98,H,400.0,Scholastic Press,2010.0,439023513,8.3,5.4,1.5,22.4
Modern Man in Search of a Soul (Harvest Book),C.G. Jung,14.0,11.2,P,244.0,Harcourt Harvest,1955.0,156612062,8.0,5.3,0.6,6.4
Moll Flanders (Norton Critical Editions),Daniel Defoe,13.29,13.29,P,544.0,W. W. Norton & Company,2004.0,393978621,8.5,5.2,1.0,28.8
My Sister's Keeper,Jodi Picoult,16.0,10.77,P,448.0,Washington Square Press,2005.0,0743454537,8.2,5.4,1.2,6.4
Nathaniel Hawthorne's Tales,Hawthorne,13.83,13.83,H,480.0,W. W. Norton & Co.,1987.0,393954269,8.5,5.2,1.0,17.6
No Longer at Ease,Chinua Achebe,12.0,9.6,P,194.0,Anchor,1994.0,385474555,8.0,5.4,0.7,6.4
Noe Exit and Three Other Plays,Jean-Paul Sartre,14.95,10.17,P,275.0,Vintage,1989.0,679725164,7.9,5.1,0.7,7.2
Norwegian Wood,Murakami,15.0,7.9,P,298.0,Vintage,2000.0,375704027,8.0,5.2,0.8,7.8
Number the Stars,Lois Lowry,16.99,11.55,H,144.0,Houghton Mifflin Books for Children,1989.0,395510600,8.1,5.8,0.6,12.0
Ocean of Words Army Stories,Ha Jin,15.0,10.2,P,224.0,Vintage,1998.0,375702067,8.0,5.2,0.7,9.0
Oedipus the King,E.A. Sophocles,6.95,6.95,P,92.0,CreateSpace,2010.0,1453626409,7.8,5.1,1.0,16.0
Of Mice and Men,John Steinbeck,14.0,8.75,P,112.0,Penguin,2002.0,0142000671,8.4,5.7,0.4,6.4
Official Book Club Selection: A Memoir According to Kathy Griffin,Kathy Griffin,15.0,10.2,P,384.0,Ballantine Books,2010.0,034551856X,7.8,5.1,0.9,9.9
Olive Twist,Charles Dickens,20.0,13.6,H,607.0,Penguin Classics,2010.0,141192496,7.9,5.1,1.5,24.0
Orientalism,Edward W. Said,16.0,10.88,P,368.0,Vintage,1979.0,039474067X,7.8,5.2,1.0,11.2
Pale Fire,Vladimir Nabokov,15.0,10.2,P,224.0,Lancer Books,1989.0,0679723420,8.0,5.3,0.7,8.0
Paradise (Oprah's Book Club),Toni Morrison,16.0,10.88,P,352.0,Plume,1999.0,452280397,8.0,5.4,0.7,10.4
Patterns of Culture,Ruth Benedict,15.0,10.09,P,320.0,Mariner Books,2006.0,618619550,8.2,5.5,0.9,12.0
People of the Book,Geraldine Brooks,15.0,8.24,P,372.0,Penguin (Non-classics),2008.0,0143115006,7.8,5.1,0.7,10.4
Perfect Match,Jodi Picoult,16.0,8.61,P,368.0,Washington Square Press,2003.0,0743418735,8.3,5.3,1.1,12.0
Peter Pan,J.M. Barrie,8.95,8.95,P,192.0,Modern Library,2004.0,081297297X,8.1,5.2,0.4,5.6
Pippi Longstocking,Astrid Lindgren,5.99,5.99,P,160.0,Puffin,2005.0,1042402494,6.6,5.2,0.4,4.8
Plain Truth,Jodi Picoult,16.0,8.87,P,432.0,Washington Square Press,2007.0,1416547819,8.2,5.3,1.2,15.2
Playing for Pizza,Grisham,15.0,9.98,P,272.0,Bantam,2011.0,385344007,7.8,5.2,0.6,7.2
Pnin,Vladimir Nabokov,14.0,11.08,P,208.0,Vintage,1989.0,0679723412,7.9,5.4,0.6,7.8
Population Decline and Aging in Japan,Florian Coulmas,35.95,35.95,P,176.0,Routledge,2007.0,415480116,9.1,6.1,0.5,9.9
Pride and Prejudice,Jane  Austin,14.99,10.98,P,262.0,CreatSpace,2011.0,1463683685,9.0,6.0,0.7,16.0
Pride and Prejudice (Dover Thrift Editions),Austin,7.95,7.95,H,272.0,Dover Publications,1995.0,486284735,8.2,5.2,0.7,7.2
Prized,"O'Brien, Caragh M.",16.99,10.79,H,368.0,Roaring Brook Press,2011.0,1596435704,,,1.2,
Psychology Ninth Edition in Modules,David G. Myers,98.95,98.95,H,778.0,Worth Publishers,2009.0,1429238240,11.3,9.5,1.5,
Pudd'nhead Wilson,Mark Twain,35.75,25.84,P,436.0,Nabu Press,2010.0,1145899323,9.5,7.4,1.0,25.6
Rainbow Green Live-Food Cuisine,Cousens,19.73,15.68,H,544.0,North Atlantic Books,2003.0,1556434650,9.0,7.0,1.0,
"Raw Food, Real World: 100 Recipes to Get the Glow",Kenny & Meingallis,37.5,25.0,H,384.0,William Morrow Cookbooks,2005.0,60793554,9.1,7.3,1.4,
Rebecca,Daphne du Maurier,14.95,5.98,P,416.0,Avon Books,1997.0,380730405,7.9,5.1,1.1,11.2
Reflections on the Psalms,Lewis,13.0,9.64,P,168.0,Mariner Books,1964.0,15676248,8.0,5.3,0.4,5.6
Requiem For a Dream,Selby Jr.,15.95,10.85,P,288.0,Da Capo Press,2000.0,1560252480,8.2,5.5,0.8,12.8
Revival: The Struggle for the Survival Inside the Obama White House,Richard Wolffe,26.0,16.91,H,320.0,Crown,2010.0,307717410,9.3,6.3,1.3,1.2
Romeo and Juliet,William Shakespeare,5.99,5.99,P,336.0,Simon and Schuster,2004.0,0743477111,6.6,4.2,1.0,6.4
Room,Donoghue,14.99,8.11,P,352.0,Back Bay Books,2011.0,316098329,8.2,5.4,1.0,14.4
Rules For Revolutionaries: The Capitalist Manifesto for Creating and Marketing New Products and Services,Kawasaki,16.0,12.47,P,224.0,Harper Paperbacks,2000.0,88730995,8.2,5.3,0.6,6.4
Run For Your Life,James Patterson & Michael Ledwidge,9.99,9.99,P,368.0,Vision,2010.0,446556998,8.0,4.2,1.2,6.4
Runaway,Alice Munro,15.95,10.85,P,352.0,Vintage,2005.0,1400077915,7.8,5.5,0.8,10.4
Safe Haven,Sparks,14.99,9.57,P,368.0,Grand Central Publishing,2011.0,446547603,8.2,5.2,1.0,11.2
Sanctuary (The Corrected Text),William Faulker,14.0,11.08,P,336.0,Vintage,1993.0,679748148,8.2,5.2,0.7,9.1
Sarah's Key,Tatiana de Rosnay,13.95,8.07,P,320.0,St. Martin's Griffin,2008.0,0312370849,8.2,5.4,0.9,11.2
Saving CeeCee Honeycut,Hoffman,15.0,6.0,P,320.0,Penguin,2010.0,143118579,7.6,5.1,0.7,8.0
Seabiscuit,Laura Hillenbrand,16.0,9.75,P,399.0,Ballantine books,2002.0,449005615,8.1,5.5,0.9,15.2
Security Analysis: Sixth Edition,Benjamin Graham,75.0,39.45,H,700.0,ÊMcGraw-Hil,2008.0,71592539,9.5,6.5,,
Seeing What's Next: Using Theories of Innovation to Predict Industry Change,Christensen,32.95,21.75,H,352.0,Harvard Business Press,2004.0,1591391857,9.5,6.5,1.2,25.6
Sex on the Moon:  The Amazing Story Behind the Most Audacious Heist in History,Ben Mezrich,26.95,17.73,H,320.0,DoubleDay,2011.0,385533926,9.4,6.4,1.3,20.8
Sh*t My Dad Says,Justin Halpern,15.99,9.58,H,176.0,It Books,2010.0,61992704,6.9,5.4,0.7,8.8
Slaughterhouse-Five,Kurt Vonnegut,15.0,7.89,P,288.0,Dial Press Trade,1999.0,385333846,8.0,5.3,0.6,9.6
Sleep for Success: Everything You Must Know About Sleep but Are too Tired to Ask,James B. Maas,24.0,16.32,H,242.0,Author Solutions,2010.0,1452037760,9.1,6.1,1.1,17.6
Someone Was Watching,David Patneaude,6.95,6.95,P,224.0,Albert Whitman & Company,1993.0,807575321,7.6,5.3,0.6,8.0
Songs of the Humpback Whale: A Novel,Jodi Picoult,16.0,10.22,P,352.0,Pocket Books,1992.0,743431014,8.3,5.4,1.0,13.6
"Speak, Memory: An Autobiography Revisited",Vladimir Nabokov,16.0,10.88,P,336.0,Vintage,1989.0,0679723390,7.9,5.1,0.8,11.2
Stalin's Genocides (Human Rights and Crimes Against Humanity),Norman Naimark,26.95,17.79,H,176.0,Princeton University Press,2010.0,691147841,8.6,5.7,0.8,12.6
State of Wonder,Ann Patchett,26.99,15.44,H,368.0,Harper,2011.0,0062049801,9.1,5.6,1.4,19.2
Story of a Girl,Zarr,7.99,7.99,P,224.0,"Little, Brown",2008.0,316014540,8.2,5.4,0.5,4.8
Strong Men Armed,Robert Leckie,17.95,12.08,P,600.0,DA CAPO PRESS,2010.0,306818876,8.2,5.5,1.6,20.8
Style: Lessons in Clarity and Grace,Joseph M. Williams,35.75,21.68,P,288.0,Longman,2010.0,205747469,8.4,5.4,0.5,12.0
Surviving Hitler: A Boy in the Nazi Death Camps,Andrea Warren,6.99,6.99,P,160.0,HarperCollins,2002.0,60007672,9.0,7.2,0.4,8.0
Swimsuit,James Patterson & Maxine Paetro,9.99,9.99,P,400.0,Grand Central Publishing,2011.0,446561355,7.8,4.2,1.2,7.2
Taming the Star Runner,S.E. Hinton,6.99,6.99,P,192.0,Laurel Leaf,1989.0,440204798,6.7,4.2,0.6,4.0
Texts From Last Night: All the Texts No One Remembers Sending,Lauren Leto,15.0,10.2,P,192.0,Gotham,2010.0,1592405436,7.1,4.9,0.5,9.1
Thank You Notes,Jimmy Fallon,12.0,7.51,P,176.0,Grand Central Publishing,2011.0,892967412,5.2,7.2,0.5,7.8
"That Was Then, This Is Now",S.E. Hinton,9.99,9.99,P,160.0,Speak,1998.0,140389660,7.5,4.3,0.6,4.0
The 80 10 10 Diet,Graham,,118.21,P,340.0,foodnsport Press,2006.0,1893831248,8.9,6.0,0.8,16.0
The Absolutely True Diary of a Part-Time Indian,Sherman Alexie,11.99,7.7,P,288.0,"Little, Brown Books for Young Readers",2009.0,316013692,5.5,8.2,0.8,9.6
the airmen and the headhunters,Judith M. Heimann,15.0,10.2,P,304.0,Mariner Books,2009.0,156033259,8.1,5.4,0.9,10.4
The Anatomy of Human Destructiveness,Erich Fromm,24.0,15.48,P,576.0,Holt Paperbacks,1992.0,080501604X,8.4,5.5,1.4,22.4
"The Armies of the Night: History as a Novel, the Novel as History",Norman Mailer,16.0,10.77,P,304.0,Plume,1995.0,452272793,8.0,5.3,0.7,9.6
The Art of Racing in the Rain,Garth Stein,14.99,8.43,P,336.0,Harper Paperbacks,2009.0,0061537969,7.4,6.0,0.8,8.8
The Audacity to Win: How Obama Won,,16.0,6.4,P,432.0,Penguin,2010.0,143118080,8.4,5.5,1.0,12.8
The Awakening,Kate Chopin,12.14,9.0,P,336.0,W.W. Norton,1993.0,393960579,8.4,5.2,0.9,16.0
The Awakening,Chopin,7.75,7.75,P,168.0,Simon & Brown,2011.0,1613820992,8.9,5.9,0.5,9.6
The Awakening,Chopin,14.1,11.99,H,116.0,Perfection Learning,1982.0,780735919,6.8,4.4,0.7,4.8
"The Berenstain Bears He Bear, She Bear",Berenstain,4.99,4.99,H,24.0,Random House Books,1999.0,679894268,5.7,4.3,0.4,8.0
The blind-side,Michael Lewis,13.95,8.5,P,352.0,W.W.norton & company,2009.0,039000838X,8.4,5.5,0.9,10.6
The Bonfire of the Vanities,Tom Wolfe,22.0,22.0,P,704.0,Farrar Straus Giroux,1988.0,B0041928UG,8.3,6.1,1.2,24.0
The Book Thief,Markus Zusak,12.99,7.31,P,576.0,Alfred A. Knopf,2007.0,375842209,7.9,5.1,1.3,12.8
The Bookseller of Kabul,Seierstad,13.99,10.68,P,288.0,Back Bay Books,2004.0,316159417,5.5,8.2,0.9,10.4
The Castle of Otranto: A Gothic Story,Horace Walpole,8.95,8.95,P,176.0,Oxford University Press,2009.0,199537216,7.6,5.2,0.3,4.2
The Cat in the Hat,Seuss,8.99,8.99,H,72.0,Random House Books,1957.0,717260593,9.3,6.8,0.4,8.5
The Classic Slave Narratives-paperback,Henry Gates,7.95,7.95,H,688.0,Signet Classics,2002.0,451528247,6.6,4.1,1.7,11.2
The Cloister Walk,Kathleen Norris,15.0,10.09,P,416.0,Riverhead Trade,1997.0,1573225843,8.2,5.4,1.0,13.6
The Conquest of New Spain (Penguin Classics),Bernal Diaz,17.0,11.44,P,412.0,Penguin Books,1963.0,140441239,7.1,4.3,0.7,3.2
The Crucible,Miller,13.0,9.28,P,152.0,Penguin (Non-Classics),1976.0,0140481389,7.7,5.0,0.4,4.0
The Crying of Lot 49,Thomas Pynchon,12.99,9.66,P,192.0,Harper Perennial,2006.0,006091307X,7.5,5.7,0.4,4.8
The Curious Reader: Exploring Personal and Academic Inquiry (2nd Edition),Bruce Ballenger,70.8,55.75,P,560.0,Longman,2005.0,321365224,8.9,5.8,0.9,19.2
"The Curious Researcher, MLA Update Edition (6th Edition)",Bruce Ballenger,48.2,39.72,P,400.0,Longman,2009.0,205745261,8.9,5.9,0.6,16.0
The Da Vinci Code,Brown,9.99,9.99,H,597.0,Anchor,2009.0,307474275,7.5,4.3,1.3,12.8
The Detox Miracle Sourcebook: Raw Foods and Herbs for Complete Cellular Regeneration,Morse,30.0,20.0,P,384.0,Kalindi Pres,2011.0,1935826190,11.0,9.0,1.0,32.0
The Distant Hours,Morton,15.0,8.6,P,576.0,Washington Square Press,2011.0,1439152799,8.3,5.2,1.6,19.2
The Diving Bell and the Butterfly,Jean-Dominique Bauby,14.0,8.04,P,131.0,Vintage,1998.0,0375701214,7.8,5.1,0.5,4.8
The Effective Executive: The Definitive Guide to Getting the Right Things Done,Drucker,16.99,10.68,P,208.0,Harper Paperbacks,2006.0,60833459,7.8,5.3,0.6,5.6
The Emporer's Handbook: A New Translation of the Meditations,Marcus Aurelius,22.0,14.96,H,160.0,Scribner,2002.0,0743233832,8.7,5.9,0.6,3.2
The Field Guide to John Deere Tractors,Don Macmillan,8.42,8.42,H,160.0,Voyageur Press,2003.0,089658514X,9.1,6.0,0.7,16.0
The Forest of Hands and Teeth,"Ryan, Carrie",9.99,9.99,P,336.0,Delacorte Books for Young Readers,2010.0,385736827,7.9,5.5,0.7,8.5
The Forgotten Garden,Kate Morton,15.0,8.52,P,560.0,Washington Square Press,2010.0,1416550550,8.5,5.0,1.5,16.0
The Girl With the Dragon Tatoo,Stieg Larsson,14.95,8.26,P,600.0,Vintage Crime / Black Lizard,2009.0,307454541,8.1,5.2,1.1,16.0
The Giving Tree,Shel Silverstein,18.99,11.16,H,64.0,HarperCollins,2004.0,60586753,10.3,7.9,0.5,16.0
The Glass Menagerie,Tennessee Williams,10.95,7.82,P,104.0,New Directions,1999.0,811214044,7.7,5.2,0.4,4.8
The God Delusion,Richard Dawkins,16.95,9.16,P,464.0,Mariner Books,2008.0,618918248,8.1,5.6,1.4,16.0
The Grand Design,Stephen Hawking,28.0,16.09,H,208.0,Bantam,2010.0,553805371,9.2,6.3,0.8,19.2
The Great Gatsby,F. Scott Fitzgerald,25.0,15.62,H,176.0,Scribner,1996.0,0684830426,9.6,6.3,0.7,13.6
The Great Gatsby,Fitzgerald,15.0,8.84,P,180.0,Scribner,1999.0,0743273567,7.9,5.2,0.5,4.0
The Great Gatsby,F. Scott Fitzgerald,15.0,8.92,P,180.0,Scribner; Reissue edition,1999.0,743273567,7.9,5.2,0.5,4.0
The Guernsey Literary and Potato Peel Pie Society,Shaffer,15.0,8.05,H,290.0,Dial Press,2009.0,385341008,7.8,5.4,0.7,8.0
The Guns of August,Barbara W. Tuchman,17.0,11.56,P,544.0,Ballantine Books,1994.0,034538623X,8.1,5.5,1.1,16.0
The Heart is a Lonely Hunter,Carson McCullers,13.95,7.7,P,368.0,Mariner,2004.0,618526412,8.3,5.0,0.9,14.4
The Help,Stockett,16.0,8.8,P,544.0,Berkley Trade,2011.0,425245136,8.3,5.0,0.8,9.6
The House on Mango Street,Cisneros,11.0,6.4,P,110.0,Vintage,1991.0,679734775,7.9,5.1,0.5,5.6
The Hunger Games,Suzanne Collins,8.99,4.94,P,384.0,Scholastic Press,2010.0,439023521,8.0,5.2,0.8,11.2
The Hunger Games,Suzanne Collins,17.99,10.21,H,384.0,Scholastic Press; 1st Edition,2008.0,0439023483,8.7,5.5,1.2,16.0
The Immortal Life of Henrietta Lacks,Rebecca Skloot,16.0,8.0,P,400.0,Broadway,2011.0,1400052181,8.0,5.2,1.2,16.0
The Imperfectionists: A Novel (Random House Reader's Circle),Rachman,15.0,8.36,P,304.0,Dial Press Trade Paperback,2011.0,385343671,7.9,5.1,0.8,8.8
The Inferno of Dante: Bilingual Edition,Dante,12.0,9.22,P,384.0,"Farrar, Straus, and Giroux",1996.0,374524521,7.9,5.6,1.0,15.2
The Innovator's Dilemma: The Revolutionary Book That Will Change the Way You Do Business,Christensen,17.99,9.99,P,320.0,Harper Paperbacks,2003.0,60521996,7.9,5.3,0.8,8.8
The Intelligent Investor: (Revised Edition),Benjamin Graham,21.99,12.5,P,640.0,Collins Business,2003.0,60555661,7.9,5.4,1.6,19.2
The Invisible Bridge (Vintage Contemporaries),Orringer,15.95,8.95,P,784.0,Vintage,2011.0,140003437,7.8,5.2,1.4,20.8
The Inward Morning: A Philosophical Exploration in Journal Form,Henry Bugbee,24.95,22.51,P,248.0,University of Georgia Press,1999.0,820320714,8.5,5.5,0.5,9.9
The John Deere Two-Cylinder Tractor Encyclopedia: The Complete Model-by-Model History,Don Macmillan,39.95,23.79,H,256.0,Voyageur Press,2007.0,140003437X,,,1.0,
The Kitchen House,Grissom,16.0,9.52,P,384.0,Touchstone,2010.0,1439153663,8.1,5.3,0.8,12.6
The Last Summer Of The Death Warriors,Francisco Stork,10.65,13.13,H,352.0,Arthur A. Levine Books; 1 edition,2010.0,0545151333,8.3,6.4,1.2,15.2
The Lincoln Lawyer,Michael Connelly,13.99,7.79,P,432.0,Grand Central Publishing,2011.0,1455500246,8.2,5.4,1.2,11.4
The Little Book That Still Beats the Market: 1st edition,Joel Greenblatt,19.95,10.86,H,183.0,Wiley,2010.0,470624159,7.1,5.3,0.8,9.1
The Loser: A Novel,Thomas Bernhard,14.0,11.2,P,208.0,Vintage,1996.0,1400077540,7.9,5.2,0.6,5.6
The Luzhin Defense,Vladimir Nabokov,15.0,10.2,P,272.0,Vintage,1990.0,0679727221,8.1,5.4,0.6,7.0
The March of Folly: From Troy to Vietnam,Barbara W. Tuchman,16.95,11.53,P,447.0,Ballantine Books,1985.0,0345308239,8.2,5.3,1.3,17.6
The Maze Runner,Dashner,9.99,9.99,P,400.0,Delacorte Press,2010.0,385737955,8.2,5.5,0.7,13.4
The Moviegoer,Walker Percy,14.95,10.17,P,241.0,1st International ed edition,1998.0,375701966,8.0,5.2,0.5,5.6
The Night Thoreau Spent in Jail: A Play,Lawrence,11.0,8.8,P,128.0,Hill and Wang,2001.0,0809012237,8.1,5.4,0.4,5.6
The Odyssey,Robert Fagles,17.0,10.47,P,560.0,Penguin Classics,1999.0,140268863,8.4,5.8,1.5,1.3
The Official Dictionary of Sarcasm: A Lexicon for Those of Us Who Are Better and Smarter Than the Rest of You,James Napoli,14.95,7.9,P,368.0,Sterling Innovation,2010.0,1402769520,6.9,6.1,1.2,26.4
The Old Man and The Sea,Earnest Hemingway,12.0,9.09,P,128.0,Scribner,1995.0,684801221,5.2,,0.8,4.0
The Outsiders,S.E. Hinton,9.99,9.99,P,192.0,Speak,1997.0,014038572X,7.5,4.3,0.5,5.6
The Paris Wife,Paula McLain,25.0,14.46,H,336.0,Ballantine Books,2011.0,0345521307,9.3,6.4,1.1,22.4
The perks of Being a Wallflower,Stephen Chbosky,14.0,8.22,P,213.0,MTV Books; origional edition,1999.0,0671027344,7.1,5.1,0.5,7.2
The Power of Six,"Lore, Pittacus",17.99,8.98,H,416.0,HarperCollins,2011.0,61974552,8.3,5.7,1.5,17.6
The Practice of Concern,John Traphagan,30.0,23.94,P,248.0,Carolina Academic Press,2004.0,89089406X,8.5,5.5,0.6,12.0
The Practice of Management,Drucker,16.99,11.28,P,416.0,Harper Paperbacks,2006.0,60878975,7.9,5.2,1.0,12.0
The Pursuit of History,John Tosh,34.8,24.9,P,368.0,Longman,2010.0,582894123,9.4,6.7,0.9,19.2
The River Between,Ngugi Wa Thiong'o,15.95,9.92,P,152.0,Longman,2008.0,435905481,7.7,5.1,0.5,4.8
The Scarlet Letter,Hawthorne,7.77,7.77,P,140.0,Tribeca Books,2011.0,1612930026,7.8,5.1,1.0,16.0
The Secret Garden,Frances Hodgson Burnett,3.95,3.95,P,288.0,Signet Classics,2003.0,451528832,6.7,4.1,1.0,5.6
The Secret Sharer and Other Stories,Joseph Conrad,2.0,0.77,P,128.0,Dover,1993.0,486275469,8.2,5.2,0.3,4.2
The Shape of Me and Other Stuff: Dr. Seuss's Surprising Word Book,Seuss,8.99,8.99,H,24.0,Random House Books,1997.0,679886311,5.8,4.4,0.6,1.6
The Sheik,E.M. Hull,18.95,15.15,P,304.0,Pine Street Books,2001.0,812217632,7.3,5.0,0.8,12.0
The Snowball: Warren Buffett and the Business of Life: Updated editionÊ,Alice Schroeder,20.0,13.6,P,832.0,Bantam,2009.0,553384619,9.2,5.9,1.5,32.0
The Sonnets and A Lovers Complaint,William Shakespeare,20.0,13.6,H,272.0,Penguin Classics,2010.0,141192577,8.0,5.7,1.0,13.6
The Sound and the Fury,William Faulkner,15.44,8.45,P,464.0,W.W. Norton,1993.0,393964817,8.5,5.1,0.8,15.2
The Sound and the Fury: The Corrected Text with Faulkner's Appendix,William Faulker,22.0,14.96,H,368.0,Modern Library,1992.0,67600175,7.9,5.0,1.0,11.2
The Sound of the Mountain,Kawabata,14.95,10.17,P,288.0,Vintage,1996.0,679762647,8.1,5.3,0.6,9.1
The Story of Ferdinand,Munro Leaf,17.99,10.88,H,72.0,Viking Juvenile,1936.0,670674249,9.4,7.4,0.5,14.4
The Tenth Circle,Jodi Picoult,16.0,10.11,P,416.0,Washington Square Press,2006.0,074349671X,8.2,5.2,1.2,13.6
The things they carried,Tim O'brian,14.95,8.28,P,256.0,Mariner books,2009.0,618706410,8.0,5.2,0.7,8.8
The Tiger's Wife: A Novel,Obreht,25.0,14.7,H,352.0,Random House,2011.0,385343833,8.3,5.7,1.1,17.6
The Time Keeper,Cropp,14.0,14.0,P,248.0,Copper Press,2005.0,976050617,8.4,5.4,0.7,10.4
The Time Traveller's Wife,Niffenegger,14.95,5.98,P,546.0,Harcourt,2004.0,015602943X,7.9,5.3,1.2,13.6
The Tragedy of Arthur: A Novel,Phillips,26.0,13.7,H,384.0,Random House,2011.0,1400066476,9.1,6.1,1.3,22.4
The Ultimate Guide to Tractors,Jim Glastonbury,24.99,17.99,H,448.0,Chartwell Books,2011.0,785828400,11.5,6.0,1.5,
The Woman in White,Wilkie Collins,20.0,12.17,H,720.0,Penguin Classics,2010.0,141192449,7.9,5.3,1.7,28.8
The World's Last Night: And Other Essays,Lewis,13.0,10.29,P,132.0,Mariner Books,2002.0,156027712,7.8,5.3,0.5,3.2
The Yacoubian Building,Alaa Aswany,13.99,11.19,P,255.0,Harper Perennial,2006.0,60878134,8.0,5.4,0.7,8.0
Their Eyes Were Watching God,Hurston,15.99,8.5,P,256.0,Harper Perennial Modern Classics,2006.0,0061120065,8.4,5.5,0.7,8.8
"They Say, I Say: The Moves That Matter in Academic Writing",Gerald Graff,12.6,12.6,P,245.0,W. W. Norton & Company,2009.0,039393361X,7.3,5.3,0.4,6.4
Thirteen Reasons Why,Jay Asher,10.99,6.9,P,336.0,Razorbill,2011.0,159514188X,8.1,5.4,1.0,12.0
This is a Book,Demitri Martin,24.99,14.69,H,288.0,Grand Central Publishing,2011.0,892967412,5.1,8.5,1.0,15.2
"To End All Wars: A Story of Loyalty and Rebellion, 1914-1918",Adam Hochschild,28.0,16.08,H,480.0,Houghton Mifflin Harcourt,2011.0,0618758283,9.1,6.2,1.7,25.6
To Kill a Mockingbird,Harper Lee,35.0,23.1,H,336.0,HarperCollins,2006.0,61205699,8.9,6.1,1.3,17.6
To the End of the Land (Vintage International),Grossman,15.95,10.68,P,672.0,Vintage,2011.0,307476405,7.9,5.2,1.4,19.2
Toliver's Secret,Esther Wood Brady,6.99,6.99,P,176.0,Yearling,1993.0,0679848045,7.6,5.2,0.4,3.2
Too Close to Call: The 36-Day Battle to Decide the 2000 Election,Jeffrey Toobin,14.95,10.75,P,320.0,Random House Trade Paperbacks,2002.0,375761071,7.9,5.2,0.8,8.8
Train to Pakistan,Khushwant Singh,14.95,10.17,P,181.0,Grove Press,1994.0,802132219,8.2,5.3,0.5,7.2
Trainspotting,Welsh,14.95,10.17,P,368.0,W.W. Norton,1996.0,393314804,8.3,5.5,0.8,13.6
Unaccustomed Earth,Lahiri,25.0,10.0,H,352.0,Knopf,2008.0,307265730,8.5,5.9,1.4,20.8
Unbroken,Laura Hillenbrand,27.0,13.49,H,496.0,Random House,2010.0,1400064163,9.4,6.3,1.7,28.0
Underground: The Tokyo Gas Attack and the Japanese Psyche,Murakami,15.0,10.2,P,384.0,Vintage,2001.0,375725806,8.0,5.2,0.9,10.6
Waiting,Ha Jin,15.0,10.2,P,308.0,Vintage,2000.0,375706410,8.0,5.2,0.7,10.4
War Trash,Ha Jin,15.95,10.85,P,368.0,Vintage,2005.0,1400075793,7.9,5.2,0.9,10.4
Water for Elephants: A Novel,Gruen,14.95,8.14,P,350.0,Algonquin Books,2007.0,1565125606,8.2,5.4,1.0,12.8
We have never been modern,Bruno Latour,26.0,19.01,P,168.0,Harvard University Press,1993.0,674948394,8.9,6.0,0.5,7.0
Where the Sidewalk Ends,Shel Silverstein,18.99,12.24,H,192.0,HarperCollins,2004.0,60572345,9.3,6.6,1.1,24.0
White Privilege,Paula S. Rothenberg,27.55,27.55,P,160.0,Worth Publishers,2011.0,1429233443,9.1,6.1,0.7,8.0
Why I wore lipstick,Geralyn Lucas,12.95,5.18,P,224.0,St Martin's Griffin,2005.0,031233446X,8.0,5.4,0.7,6.4
"Worlds Together, Worlds Apart: A History of the World: From 1000 CE to the Present",Robert Tignor,97.5,97.5,P,480.0,W. W. Norton & Company,2010.0,393934942,10.7,8.9,0.9,14.4
Wuthering Heights,Emily Bronte,16.99,4.95,P,344.0,CreatSpace,2011.0,1463533411,7.8,5.1,1.0,16.0
